id,name,category,name_japanese,hero_name,hero_name_japanese,other_names,quirk,quirk_japanese,quirk_description,hero_school,class,affiliation,civilian_description,type,image_path,full_image_path,,,,,
1,Izuku Midoriya,Students,緑谷 出久,,,['Deku'],One for All,ワン・フォー・オール,"A transferable Quirk that stockpiles power and grants immense strength, speed, stamina, and durability.",U.A. High School,Class 1-A,,,,images/characters/character_1.png,https://github.com/FigmentAnalytics/my-hero-academia-dashboard/blob/main/images/characters/character_1.png?raw=true,,,,,
2,Katsuki Bakugo,Students,爆豪 勝己,,,"['Kacchan', 'Dynamight']",Explosion,爆破,Secretes sweat with nitroglycerin-like properties from his hands and can ignite it on command to produce powerful explosions.,U.A. High School,Class 1-A,,,,images/characters/character_2.png,https://github.com/FigmentAnalytics/my-hero-academia-dashboard/blob/main/images/characters/character_2.png?raw=true,,,,,
3,Ochaco Uraraka,Students,麗日 お茶子,,,['Uravity'],Zero Gravity,無重力,She can make any object weightless by touching them with the pads on her fingertips. Overuse of her Quirk will cause her to suffer from severe nausea.,U.A. High School,Class 1-A,,,,images/characters/character_3.png,https://github.com/FigmentAnalytics/my-hero-academia-dashboard/blob/main/images/characters/character_3.png?raw=true,,,,,
4,Tenya Ida,Students,飯田 天哉,,,['Ingenium'],Engine,エンジン,Super speed and superhuman kicking strength via jet engines in his calves.,U.A. High School,Class 1-A,,,,images/characters/character_4.png,https://github.com/FigmentAnalytics/my-hero-academia-dashboard/blob/main/images/characters/character_4.png?raw=true,,,,,
5,Shoto Todoroki,Students,轟 焦凍,,,['Shoto'],Half-Cold Half-Hot,半冷半燃,Enables him to generate ice from the right side of his body and fire from the left.,U.A. High School,Class 1-A,,,,images/characters/character_5.png,https://github.com/FigmentAnalytics/my-hero-academia-dashboard/blob/main/images/characters/character_5.png?raw=true,,,,,
6,Eijiro Kirishima,Students,切島 鋭児郎,,,['Red Riot'],Hardening,硬化,Enables him to harden his body.,U.A. High School,Class 1-A,,,,images/characters/character_6.png,https://github.com/FigmentAnalytics/my-hero-academia-dashboard/blob/main/images/characters/character_6.png?raw=true,,,,,
7,Tsuyu Asui,Students,蛙吹 梅雨,,,"['Tsu', 'Froppy']",Frog,蛙,"Gives her frog-like abilities such as enhanced swimming and jumping, sticking to and climbing up walls, and a long prehensile tongue.",U.A. High School,Class 1-A,,,,images/characters/character_7.png,https://github.com/FigmentAnalytics/my-hero-academia-dashboard/blob/main/images/characters/character_7.png?raw=true,,,,,
8,Momo Yaoyorozu,Students,八百万 百,,,['Creati'],Creation,創造,Enables her the ability to create any non-biological object from the lipids stored in her body as long as she knows its molecular structure.,U.A. High School,Class 1-A,,,,images/characters/character_8.png,https://github.com/FigmentAnalytics/my-hero-academia-dashboard/blob/main/images/characters/character_8.png?raw=true,,,,,
9,Minoru Mineta,Students,峰田 実,,,['Grape Juice'],Pop Off,もぎもぎ,"He grows many small, highly adhesive grape-like balls on his head that he can remove and use as weapons. He can also use the balls as his personal trampolines, as they bounce off his body instead of sticking to him.",U.A. High School,Class 1-A,,,,images/characters/character_9.png,https://github.com/FigmentAnalytics/my-hero-academia-dashboard/blob/main/images/characters/character_9.png?raw=true,,,,,
10,Denki Kaminari,Students,上鳴 電気,,,['Chargebolt'],Electrification,帯電,Enables him the ability to absorb and emit electricity.,U.A. High School,Class 1-A,,,,images/characters/character_10.png,https://github.com/FigmentAnalytics/my-hero-academia-dashboard/blob/main/images/characters/character_10.png?raw=true,,,,,
11,Kyoka Jiro,Students,耳郎 響香,,,['Earphone Jack'],Earphone Jack,イヤホンジャック,Enables her to plug her extremely long earlobes into objects to hear minuscule sounds and vibrations from her surroundings or channel the sound of her own heartbeat in the form of sonic attacks.,U.A. High School,Class 1-A,,,,images/characters/character_11.png,https://github.com/FigmentAnalytics/my-hero-academia-dashboard/blob/main/images/characters/character_11.png?raw=true,,,,,
12,Fumikage Tokoyami,Students,常闇 踏陰,,,['Tsukuyomi'],Dark Shadow,黒影,Enables him to manifest and control a sentient shadow monster from his body that grows more powerful in the dark.,U.A. High School,Class 1-A,,,,images/characters/character_12.png,https://github.com/FigmentAnalytics/my-hero-academia-dashboard/blob/main/images/characters/character_12.png?raw=true,,,,,
13,Mina Ashido,Students,芦戸 三奈,,,['Pinky'],Acid,酸,Enables her to secrete an acidic fluid from her body.,U.A. High School,Class 1-A,,,,images/characters/character_13.png,https://github.com/FigmentAnalytics/my-hero-academia-dashboard/blob/main/images/characters/character_13.png?raw=true,,,,,
14,Yuga Aoyama,Students,青山 優雅,,,"[""Can't Stop Twinkling""]",Navel Laser,ネビルレーザー,Enables him to fire a laser blast from his belly button.,U.A. High School,Class 1-A,,,,images/characters/character_14.png,https://github.com/FigmentAnalytics/my-hero-academia-dashboard/blob/main/images/characters/character_14.png?raw=true,,,,,
15,Mezo Shoji,Students,障子 目蔵,,,['Tentacole'],Dupli-Arms,複製腕,Enables him to grow individual body organs at the tips of the four webbed tentacles growing from his shoulders.,U.A. High School,Class 1-A,,,,images/characters/character_15.png,https://github.com/FigmentAnalytics/my-hero-academia-dashboard/blob/main/images/characters/character_15.png?raw=true,,,,,
16,Hanta Sero,Students,瀬呂 範太,,,['Cellophane'],Tape,テープ,Enables him to shoot cellophane tape from the tape dispenser-like organs on his elbows.,U.A. High School,Class 1-A,,,,images/characters/character_16.png,https://github.com/FigmentAnalytics/my-hero-academia-dashboard/blob/main/images/characters/character_16.png?raw=true,,,,,
17,Mashirao Ojiro,Students,尾白 猿夫,,,['Tailman'],Tail,尻尾,Grants him a thick prehensile tail.,U.A. High School,Class 1-A,,,,images/characters/character_17.png,https://github.com/FigmentAnalytics/my-hero-academia-dashboard/blob/main/images/characters/character_17.png?raw=true,,,,,
18,Koji Koda,Students,口田 甲司,,,['Anima'],Anivoice,生き物ボイス,Allows him to talk to animals.,U.A. High School,Class 1-A,,,,images/characters/character_18.png,https://github.com/FigmentAnalytics/my-hero-academia-dashboard/blob/main/images/characters/character_18.png?raw=true,,,,,
19,Rikido Sato,Students,砂藤 力道,,,['Sugarman'],Sugar Rush,シュガードープ,Enhances his physical strength at the cost of his cognitive functions whenever he consumes sugar. ,U.A. High School,Class 1-A,,,,images/characters/character_19.png,https://github.com/FigmentAnalytics/my-hero-academia-dashboard/blob/main/images/characters/character_19.png?raw=true,,,,,
20,Toru Hagakure,Students,葉隠 透,,,['Invisible Girl'],Invisibility,透明化,Makes her entire body invisible and gives her the ability to refract light.,U.A. High School,Class 1-A,,,,images/characters/character_20.png,https://github.com/FigmentAnalytics/my-hero-academia-dashboard/blob/main/images/characters/character_20.png?raw=true,,,,,
21,Neito Monoma,Students,物間 寧人,,,['Phantom Thief'],Copy,コピー,"Allows him to temporarily duplicate and use another person's Quirk by simply touching them. He can store four Quirks, but can only activate one at a time.",U.A. High School,Class 1-B,,,,images/characters/character_21.png,https://github.com/FigmentAnalytics/my-hero-academia-dashboard/blob/main/images/characters/character_21.png?raw=true,,,,,
22,Itsuka Kendo,Students,拳藤 一佳,,,['Battle Fist'],Large Fists,大拳,Enables her to enlarge her fists.,U.A. High School,Class 1-B,,,,images/characters/character_22.png,https://github.com/FigmentAnalytics/my-hero-academia-dashboard/blob/main/images/characters/character_22.png?raw=true,,,,,
23,Ibara Shiozaki,Students,塩崎 茨,,,['Vine'],Vines,ツル,Gives her a head of vines instead of hair that she can extend and use in combat.,U.A. High School,Class 1-B,,,,images/characters/character_23.png,https://github.com/FigmentAnalytics/my-hero-academia-dashboard/blob/main/images/characters/character_23.png?raw=true,,,,,
24,Tetsutetsu Tetsutetsu,Students,鉄哲 徹鐵,,,['Real Steel'],Steel,スティール,Gives him the ability to turn his skin to steel.,U.A. High School,Class 1-B,,,,images/characters/character_24.png,https://github.com/FigmentAnalytics/my-hero-academia-dashboard/blob/main/images/characters/character_24.png?raw=true,,,,,
25,Juzo Honenuki,Students,骨抜 柔造,,,['Mudman'],Softening,柔化,Enables him to soften anything that he touches.,U.A. High School,Class 1-B,,,,images/characters/character_25.png,https://github.com/FigmentAnalytics/my-hero-academia-dashboard/blob/main/images/characters/character_25.png?raw=true,,,,,
26,Nirengeki Shoda,Students,庄田 二連撃,,,['Mindz'],Twin Impact,ツインインパクト,"At the site of an initial impact he can create a second impact, which he can activate anytime.",U.A. High School,Class 1-B,,,,images/characters/character_26.png,https://github.com/FigmentAnalytics/my-hero-academia-dashboard/blob/main/images/characters/character_26.png?raw=true,,,,,
27,Yosetsu Awase,Students,泡瀬 洋雪,,,['Welder'],Weld,溶接,Allows him to physically connect anything he touches.,U.A. High School,Class 1-B,,,,images/characters/character_27.png,https://github.com/FigmentAnalytics/my-hero-academia-dashboard/blob/main/images/characters/character_27.png?raw=true,,,,,
28,Kosei Tsuburaba,Students,円場 硬成,,,['Tsubaraba'],Solid Air,空気凝固,Enables him to solidify air into a wall or platform.,U.A. High School,Class 1-B,,,,images/characters/character_28.png,https://github.com/FigmentAnalytics/my-hero-academia-dashboard/blob/main/images/characters/character_28.png?raw=true,,,,,
29,Sen Kaibara,Students,回原 旋,,,['Spiral'],Gyrate,旋回,"Allows him to rotate any part of his body at incredibly high speeds, similarly to a drill.",U.A. High School,Class 1-B,,,,images/characters/character_29.png,https://github.com/FigmentAnalytics/my-hero-academia-dashboard/blob/main/images/characters/character_29.png?raw=true,,,,,
30,Kojiro Bondo,Students,凡戸 固次郎,,,['Plamo'],Cemedine,セメダイン,Enables him to excrete a glue-like liquid from seven eyeholes on his glue dispenser-shaped head.,U.A. High School,Class 1-B,,,,images/characters/character_30.png,https://github.com/FigmentAnalytics/my-hero-academia-dashboard/blob/main/images/characters/character_30.png?raw=true,,,,,
31,Reiko Yanagi,Students,柳 レイ子,,,['Emily'],Poltergeist,ポルターガイスト,Grants her the ability to telekinetically manipulate objects around her.,U.A. High School,Class 1-B,,,,images/characters/character_31.png,https://github.com/FigmentAnalytics/my-hero-academia-dashboard/blob/main/images/characters/character_31.png?raw=true,,,,,
32,Jurota Shishida,Students,宍田 獣郎太,,,['Gevaudan'],Beast,ビースト,Grants him the ability to transform into a monstrous beast.,U.A. High School,Class 1-B,,,,images/characters/character_32.png,https://github.com/FigmentAnalytics/my-hero-academia-dashboard/blob/main/images/characters/character_32.png?raw=true,,,,,
33,Yui Kodai,Students,小大 唯,,,['Rule'],Size,サイズ,Enables her to change the size of any object she interacts with.,U.A. High School,Class 1-B,,,,images/characters/character_33.png,https://github.com/FigmentAnalytics/my-hero-academia-dashboard/blob/main/images/characters/character_33.png?raw=true,,,,,
34,Hiryu Rin,Students,鱗 飛竜,,,['Dragon Shroud'],Scales,鱗,Enables him to form scales on his body for combat and other purposes. He can also shoot the scales.,U.A. High School,Class 1-B,,,,images/characters/character_34.png,https://github.com/FigmentAnalytics/my-hero-academia-dashboard/blob/main/images/characters/character_34.png?raw=true,,,,,
35,Kinoko Komori,Students,小森 希乃子,,,['Shemage'],Mushroom,キノコ,"Grants her the ability to create spores from her cells, allowing her to grow mushrooms from the surfaces of her surroundings.",U.A. High School,Class 1-B,,,,images/characters/character_35.png,https://github.com/FigmentAnalytics/my-hero-academia-dashboard/blob/main/images/characters/character_35.png?raw=true,,,,,
36,Togaru Kamakiri,Students,鎌切 尖,,,['Jack Mantis'],Razor Sharp,刃鋭,"Grants him the ability to produce large, sharp blades from all over his body.",U.A. High School,Class 1-B,,,,images/characters/character_36.png,https://github.com/FigmentAnalytics/my-hero-academia-dashboard/blob/main/images/characters/character_36.png?raw=true,,,,,
37,Pony Tsunotori,Students,角取 ポニー,,,['Rocketti'],Horn Cannon,ホーンホウ,Allows her to grow effectively gazelle-like horns on her head and control them.,U.A. High School,Class 1-B,,,,images/characters/character_37.png,https://github.com/FigmentAnalytics/my-hero-academia-dashboard/blob/main/images/characters/character_37.png?raw=true,,,,,
38,Setsuna Tokage,Students,取蔭 切奈,,,['Lizardy'],Lizard Tail Splitter,トカゲのしっぽ切り,Allows her to split her body into several pieces and control them telekinetically.,U.A. High School,Class 1-B,,,,images/characters/character_38.png,https://github.com/FigmentAnalytics/my-hero-academia-dashboard/blob/main/images/characters/character_38.png?raw=true,,,,,
39,Shihai Kuroiro,Students,黒色 支配,,,['Vantablack'],Black,黒,Grants him the ability to merge into anything that is black-colored and control it.,U.A. High School,Class 1-B,,,,images/characters/character_39.png,https://github.com/FigmentAnalytics/my-hero-academia-dashboard/blob/main/images/characters/character_39.png?raw=true,,,,,
40,Manga Fukidashi,Students,吹出 漫我,,,['Comicman'],Comic,コミック,Allows him to manifest different onomatopoeias into reality in the form of katakana.,U.A. High School,Class 1-B,,,,images/characters/character_40.png,https://github.com/FigmentAnalytics/my-hero-academia-dashboard/blob/main/images/characters/character_40.png?raw=true,,,,,
41,Mei Hatsume,Students,発目 明,,,[],Zoom,ズーム,Allows her to zoom her vision to up to 5 kilometers.,U.A. High School,Class 1-H,,,,images/characters/character_41.png,https://github.com/FigmentAnalytics/my-hero-academia-dashboard/blob/main/images/characters/character_41.png?raw=true,,,,,
42,Hitoshi Shinso,Students,心操 人使,,,[],Brainwashing,洗脳,Allows him to control those who answer his questions.,U.A. High School,Origionally - General Course. Transfered to - Hero Course,,,,images/characters/character_42.png,https://github.com/FigmentAnalytics/my-hero-academia-dashboard/blob/main/images/characters/character_42.png?raw=true,,,,,
43,Mirio Togata,Students,通形 ミリオ,,,['Lemillion'],Permeation,透過,"Allows him to phase his body through anything solid, including the ground itself.",U.A. High School,Third year student / The Big 3,,,,images/characters/character_43.png,https://github.com/FigmentAnalytics/my-hero-academia-dashboard/blob/main/images/characters/character_43.png?raw=true,,,,,
44,Tamaki Amajiki,Students,天喰 環,,,['Suneater'],Manifest,再現,Gives him the characteristics and abilities of anything he eats.,U.A. High School,Third year student / The Big 3,,,,images/characters/character_44.png,https://github.com/FigmentAnalytics/my-hero-academia-dashboard/blob/main/images/characters/character_44.png?raw=true,,,,,
45,Nejire Hado,Students,波動 ねじれ,,,['Nejire Chan'],Wave Motion,波動,Allows her to convert her stamina into energy and release it in the form of spiral shockwaves.,U.A. High School,Third year student / The Big 3,,,,images/characters/character_45.png,https://github.com/FigmentAnalytics/my-hero-academia-dashboard/blob/main/images/characters/character_45.png?raw=true,,,,,
134,Inasa Yoarashi,Students,夜嵐 イナサ,,,['Gale Force'],Whirlwind,旋風,Allows him to control the wind,Shiketsu High School,First year,,,,images/characters/character_134.png,https://github.com/FigmentAnalytics/my-hero-academia-dashboard/blob/main/images/characters/character_134.png?raw=true,,,,,
135,Camie Utsushimi,Students,現見 ケミィ,,,['Maboromicamie'],Glamour,幻惑,Allows her to create illusions that form with a mist-like substance that she emits from her mouth.,Shiketsu High School,Second year,,,,images/characters/character_135.png,https://github.com/FigmentAnalytics/my-hero-academia-dashboard/blob/main/images/characters/character_135.png?raw=true,,,,,
136,Seiji Shishikura,Students,肉倉 精児,,,['Sisicross'],Meatball,精肉,Allows him to mold others into restrained globs of flesh.,Shiketsu High School,Second year,,,,images/characters/character_136.png,https://github.com/FigmentAnalytics/my-hero-academia-dashboard/blob/main/images/characters/character_136.png?raw=true,,,,,
137,Nagamasa Mora,Students,毛原 長昌,,,['Chewyee'],Extend-o-Hair,伸毛,Allows him to lengthen and manipulate his body hair.,Shiketsu High School,Second year,,,,images/characters/character_137.png,https://github.com/FigmentAnalytics/my-hero-academia-dashboard/blob/main/images/characters/character_137.png?raw=true,,,,,
138,Yo Shindo,Students,真堂揺,,,['Grand'],Vibrate,揺らす,Allows him to channel powerful vibrations through any surface he touches with his hands.,Ketsubutsu Academy,Third year,,,,images/characters/character_138.png,https://github.com/FigmentAnalytics/my-hero-academia-dashboard/blob/main/images/characters/character_138.png?raw=true,,,,,
139,Tatami Nakagame,Students,中瓶 畳,,,['Turtle Neck'],Telescopic,折りたたみ,Allows her to retract her body into herself like a turtle,Ketsubutsu Academy,Third year,,,,images/characters/character_139.png,https://github.com/FigmentAnalytics/my-hero-academia-dashboard/blob/main/images/characters/character_139.png?raw=true,,,,,
140,Shikkui Makabe,Students,真壁 漆喰,,,['Mr. Smith'],Stiffening,硬質化,"Allows him to make any object he rubs or kneads with his hands extremely hard, although it does not work on living beings.",Ketsubutsu Academy,Third year,,,,images/characters/character_140.png,https://github.com/FigmentAnalytics/my-hero-academia-dashboard/blob/main/images/characters/character_140.png?raw=true,,,,,
141,Itejiro Toteki,Students,投擲 射手次郎,,,['Boomerang Man'],Boomerang,ブーメラン,Grants him the ability to throw objects with incredible accuracy and change their trajectory in mid-air.,Ketsubutsu Academy,,,,,images/characters/character_141.png,https://github.com/FigmentAnalytics/my-hero-academia-dashboard/blob/main/images/characters/character_141.png?raw=true,,,,,
142,Saiko Intelli,Students,印照 才子,,,[],IQ,アイキュー,Allows her to temporarily boost her intelligence by drinking tea and closing her eyes. The strength of the intelligence boost depends on the type of tea she drinks.,Seiai Academy,Second year,,,,images/characters/character_142.png,https://github.com/FigmentAnalytics/my-hero-academia-dashboard/blob/main/images/characters/character_142.png?raw=true,,,,,
143,Romero Fujimi,Students,藤見 露召呂,,,[],Zombie Virus,ゾンビ ウィルス,"Enables him to create a gas that temporarily turns those who inhale it into zombies. However, he is not immune to his own Quirk.",Isamu Academy High School,,,,,images/characters/character_143.png,https://github.com/FigmentAnalytics/my-hero-academia-dashboard/blob/main/images/characters/character_143.png?raw=true,,,,,
144,Kashiko Sekigai,Students,赤外 可視子,,,['Sensor Girl'],Unnamed,,Allows her to create a holographic page which can be used to locate and detect people.,Isamu Academy High School,,,,,images/characters/character_144.png,https://github.com/FigmentAnalytics/my-hero-academia-dashboard/blob/main/images/characters/character_144.png?raw=true,,,,,
145,Dadan Tadan,Students,多弾 打弾,,,['Lucky Strike'],Unnamed,,Enables his sweat to create a bright flash of light and sound on impact.,Isamu Academy High School,,,,,images/characters/character_145.png,https://github.com/FigmentAnalytics/my-hero-academia-dashboard/blob/main/images/characters/character_145.png?raw=true,,,,,
146,Habuko Mongoose,Students,万偶数 羽生子,,,[],Unnamed,,Allows her to paralyze her targets for three seconds by looking them straight in the eye.,Isamu Academy High School,,,,,images/characters/character_146.png,https://github.com/FigmentAnalytics/my-hero-academia-dashboard/blob/main/images/characters/character_146.png?raw=true,,,,,
46,Tenko Shimura,Villains,志村 転弧,,,['Tomura Shigaraki'],Decay,崩壊,Enables him to disintegrate whatever he touches with his fingers and anything connected to it.,,,League of Villains,,,images/characters/character_46.png,https://github.com/FigmentAnalytics/my-hero-academia-dashboard/blob/main/images/characters/character_46.png?raw=true,,,,,
47,Shigaraki,Villains,死柄木,,,"['All For One', 'Symbol of Evil']",All For One,オール・フォー・ワン,"Allows him to both steal and bestow Quirks, as well as wield multiple Quirks at once.",,,League of Villains,,,images/characters/character_47.png,https://github.com/FigmentAnalytics/my-hero-academia-dashboard/blob/main/images/characters/character_47.png?raw=true,,,,,
48,Oboro Shirakumo,Villains,白雲 朧,,,['Kurogiri'],Warp Gate,ワープゲート,Allows him to generate a dark purple fog from his body and use it to create weaponized long-ranged portals.,,,League of Villains,,,images/characters/character_48.png,https://github.com/FigmentAnalytics/my-hero-academia-dashboard/blob/main/images/characters/character_48.png?raw=true,,,,,
49,Dr. Kyudai Garaki,Villains,殻木 球大 博士,,,['Daruma Ujiko'],Life Force,摂生,Grants him an extended lifespan and makes him look younger than he actually is.,,,League of Villains,,,images/characters/character_49.png,https://github.com/FigmentAnalytics/my-hero-academia-dashboard/blob/main/images/characters/character_49.png?raw=true,,,,,
50,Gigantomachia,Villains,ギガントマキア,,,[],Has multiple quirks,,An immensely powerful kaiju-sized villain who has multiple Quirks and is deeply loyal to All For One.,,,League of Villains,,,images/characters/character_50.png,https://github.com/FigmentAnalytics/my-hero-academia-dashboard/blob/main/images/characters/character_50.png?raw=true,,,,,
51,Kagero Okuta,Villains,憶田 影朧,,,['Giran'],Muddiness,混濁,Allows him to cause minor amnesia to a person by making physical contact with their head.,,,League of Villains,,,images/characters/character_51.png,https://github.com/FigmentAnalytics/my-hero-academia-dashboard/blob/main/images/characters/character_51.png?raw=true,,,,,
52,Toya Todoroki,Villains,轟 燈矢,,,['Dabi'],Blueflame,蒼炎,"Allows him to generate and control a stronger variant of Endeavor's Hellflame, possessing a high cold resistance but unable to withstand his own flames for a prolonged amount of time.",,,League of Villains,,,images/characters/character_52.png,https://github.com/FigmentAnalytics/my-hero-academia-dashboard/blob/main/images/characters/character_52.png?raw=true,,,,,
53,Himiko Toga,Villains,渡我 被身子,,,[],Transform,変身,She is able to assume the physical appearance of another after drinking  that person's blood. The quirk later evolved to allow her to use the Quirk of whoever she turns into.,,,League of Villains,,,images/characters/character_53.png,https://github.com/FigmentAnalytics/my-hero-academia-dashboard/blob/main/images/characters/character_53.png?raw=true,,,,,
54,Jin Bubaigawara,Villains,分倍河原 仁,,,['Twice'],Double,二倍,"The Quirk allows him to create copies of anything he touches, including himself once overcoming his personal issues.",,,League of Villains,,,images/characters/character_54.png,https://github.com/FigmentAnalytics/my-hero-academia-dashboard/blob/main/images/characters/character_54.png?raw=true,,,,,
55,Atsuhiro Sako,Villains,迫 圧紘,,,['Mr. Compress'],Compress,コンプレス,Allows him to instantly shrink down anything in a spherical area into a small marble without actually damaging it.,,,League of Villains,,,images/characters/character_55.png,https://github.com/FigmentAnalytics/my-hero-academia-dashboard/blob/main/images/characters/character_55.png?raw=true,,,,,
56,Shuichi Iguchi,Villains,伊口 秀一,,,['Spinner'],Gecko,ヤモリ,Gives him the appearance and abilities of a gecko.,,,League of Villains,,,images/characters/character_56.png,https://github.com/FigmentAnalytics/my-hero-academia-dashboard/blob/main/images/characters/character_56.png?raw=true,,,,,
57,Kenji Hikiishi,Villains,引石 健磁,,,['Magne'],Magnetism,磁力,Allows her to magnetize others within an area around herself.,,,League of Villains,,,images/characters/character_57.png,https://github.com/FigmentAnalytics/my-hero-academia-dashboard/blob/main/images/characters/character_57.png?raw=true,,,,,
58,Goto Imatsuji,Villains,今筋強斗,,,['Muscular'],Pump Up,筋肉増強,"Allows him to enlarge the muscle fibers beneath his skin, granting him immense strength, speed, stamina, and durability.",,,League of Villains,,,images/characters/character_58.png,https://github.com/FigmentAnalytics/my-hero-academia-dashboard/blob/main/images/characters/character_58.png?raw=true,,,,,
59,Mustard,Villains,マスタード,,,[],Gas,ガス,"Allows him to generate vast amounts of a toxic sleeping gas from his body, he is not immune to his own Quirk.",,,League of Villains,,,images/characters/character_59.png,https://github.com/FigmentAnalytics/my-hero-academia-dashboard/blob/main/images/characters/character_59.png?raw=true,,,,,
60,Moonfish,Villains,ムーンフィッシュ,,,[],Blade-Tooth,歯刃,"Allows him to lengthen, sharpen, and manipulate his teeth into webs of powerful blades.",,,League of Villains,,,images/characters/character_60.png,https://github.com/FigmentAnalytics/my-hero-academia-dashboard/blob/main/images/characters/character_60.png?raw=true,,,,,
61,Hood,Villains,フード,,,[],Nomu,脳無,"A highly advanced and sentient Nomu made from an unnamed street punk who attacks Endeavor and Hawks in Kyushu. Hood openly showed some signs of obedience and loyalty to his master. He spoke with a stutter and broken grammar.ep 87 He is revealed to possess six different Quirks and is able to severely injure Endeavor, before the latter incinerates him with his ultimate super move Prominence Burn.",,,League of Villains,,,images/characters/character_61.png,https://github.com/FigmentAnalytics/my-hero-academia-dashboard/blob/main/images/characters/character_61.png?raw=true,,,,,
62,Johnny,Villains,ジョン,,,[],Nomu,脳無,A small Nomu with a cable-like bottom that is owned by Daruma and has the ability to teleport people by spraying a goo that makes its recipient a medium for the teleportation.,,,League of Villains,,,images/characters/character_62.png,https://github.com/FigmentAnalytics/my-hero-academia-dashboard/blob/main/images/characters/character_62.png?raw=true,,,,,
63,Rikiya Yotsubashi,Villains,四ツ橋 力也,,,['Re-Destro'],Stress,ストレス,"Grants him the ability to convert his stress and anger into raw power, which turns him into a hulking monster and significantly enhances his strength.",,,Meta Liberation Army,,,images/characters/character_63.png,https://github.com/FigmentAnalytics/my-hero-academia-dashboard/blob/main/images/characters/character_63.png?raw=true,,,,,
64,Koku Hanabata,Villains,花畑 孔腔,,,['Trumpet'],Incite,煽動,Allows him to boost the physical and mental abilities of his subordinates from his voice.,,,Meta Liberation Army,,,images/characters/character_64.png,https://github.com/FigmentAnalytics/my-hero-academia-dashboard/blob/main/images/characters/character_64.png?raw=true,,,,,
65,Tomoyasu Chikazoku,Villains,近属 友保,,,['Skeptic'],Anthropomorph,人形,"Allows him to take a human-sized object and turn it into an exact lookalike of any given person, which he can then control like a puppet.",,,Meta Liberation Army,,,images/characters/character_65.png,https://github.com/FigmentAnalytics/my-hero-academia-dashboard/blob/main/images/characters/character_65.png?raw=true,,,,,
66,Chitose Kizuki,Villains,気月 置歳,,,['Curious'],Landmine,地雷,Allows her to turn anything she touches into a bomb.,,,Meta Liberation Army,,,images/characters/character_66.png,https://github.com/FigmentAnalytics/my-hero-academia-dashboard/blob/main/images/characters/character_66.png?raw=true,,,,,
67,Geten,Villains,外典,,,['Iceman'],Ice Manipulation,氷操,Allows him to freely control all nearby ice.,,,Meta Liberation Army,,,images/characters/character_67.png,https://github.com/FigmentAnalytics/my-hero-academia-dashboard/blob/main/images/characters/character_67.png?raw=true,,,,,
68,Tatsuyuki Tokoname,Villains,常滑達行,,,"[""Slidin' Go""]",,,Possesses an unnamed sliding Quirk.,,,Meta Liberation Army,,,images/characters/character_68.png,https://github.com/FigmentAnalytics/my-hero-academia-dashboard/blob/main/images/characters/character_68.png?raw=true,,,,,
69,Kai Chisaki,Villains,治崎 廻,,,['Overhaul'],Overhaul,オーバーホール,"enables him to disassemble anything he touches, as well as reassemble it in any configuration he desires. He can also use his Quirk to fuse himself with others, which enables him to use their Quirks, and heal himself of any injuries he sustains in combat.",,,Shie Hassaikai,,,images/characters/character_69.png,https://github.com/FigmentAnalytics/my-hero-academia-dashboard/blob/main/images/characters/character_69.png?raw=true,,,,,
70,Hari Kurono,Villains,玄野 針,,,['Chronostasis'],Chronostasis,クロノスタシス,Enables him to slow down the movements of anything he hits with his clock-hand-like hair.,,,Shie Hassaikai,,,images/characters/character_70.png,https://github.com/FigmentAnalytics/my-hero-academia-dashboard/blob/main/images/characters/character_70.png?raw=true,,,,,
71,Joi Irinaka,Villains,入中 常衣,,,['Mimic'],Mimicry,擬態,"Allows him to transfer his own body and mind into solid objects, which he can then manipulate and control like his actual body.",,,Shie Hassaikai,,,images/characters/character_71.png,https://github.com/FigmentAnalytics/my-hero-academia-dashboard/blob/main/images/characters/character_71.png?raw=true,,,,,
72,Shin Nemoto,Villains,音本 真,,,[''],Confession,真実吐き,Enables him to force people to answer his questions truthfully.,,,Shie Hassaikai - One of the Eight Bullets,,,images/characters/character_72.png,https://github.com/FigmentAnalytics/my-hero-academia-dashboard/blob/main/images/characters/character_72.png?raw=true,,,,,
73,Rikiya Katsukame,Villains,活瓶 力也,,,[''],Vitality Stealing,活力 吸収,"Allows him to absorb the stamina of his adversaries, simultaneously strengthening himself and weakening his opponents.",,,Shie Hassaikai - One of the Eight Bullets,,,images/characters/character_73.png,https://github.com/FigmentAnalytics/my-hero-academia-dashboard/blob/main/images/characters/character_73.png?raw=true,,,,,
74,Toya Setsuno,Villains,窃野 トウヤ,,,[''],Larceny,窃盗,Allows him to telekinetically steal any objects that his target possesses.,,,Shie Hassaikai - One of the Eight Bullets,,,images/characters/character_74.png,https://github.com/FigmentAnalytics/my-hero-academia-dashboard/blob/main/images/characters/character_74.png?raw=true,,,,,
75,Yu Hojo,Villains,宝生 結,,,[''],Crystallize,結晶,"Allows him to grow sharp, durable crystals all over his body.",,,Shie Hassaikai - One of the Eight Bullets,,,images/characters/character_75.png,https://github.com/FigmentAnalytics/my-hero-academia-dashboard/blob/main/images/characters/character_75.png?raw=true,,,,,
76,Soramitsu Tabe,Villains,多部 空満,,,[''],Food,食,"Allows his teeth to easily chew through and consume any solid substance, no matter how durable it is.",,,Shie Hassaikai - One of the Eight Bullets,,,images/characters/character_76.png,https://github.com/FigmentAnalytics/my-hero-academia-dashboard/blob/main/images/characters/character_76.png?raw=true,,,,,
77,Kendo Rappa,Villains,乱波 肩動,,,['The Rapper'],Strongarm,強肩,"Enables him to rotate his shoulders at extreme speeds, allowing him to attack his targets with a near-endless barrage of bullet punches.",,,Shie Hassaikai - One of the Eight Bullets,,,images/characters/character_77.png,https://github.com/FigmentAnalytics/my-hero-academia-dashboard/blob/main/images/characters/character_77.png?raw=true,,,,,
78,Hekiji Tengai,Villains,天蓋 壁慈,,,[''],Barrier,バリア,Allows him to create a dome-shaped forcefield around himself and his allies.,,,Shie Hassaikai - One of the Eight Bullets,,,images/characters/character_78.png,https://github.com/FigmentAnalytics/my-hero-academia-dashboard/blob/main/images/characters/character_78.png?raw=true,,,,,
79,Deidoro Sakaki,Villains,酒木 泥泥,,,[''],Sloshed,泥酔,"Enables him to subject anyone near him to severe dizziness, knocking off their sense of balance and putting them in a state similar to being drunk.",,,Shie Hassaikai - One of the Eight Bullets,,,images/characters/character_79.png,https://github.com/FigmentAnalytics/my-hero-academia-dashboard/blob/main/images/characters/character_79.png?raw=true,,,,,
80,Chizome Akaguro,Villains,赤黒 血染,,,['Stain'],Bloodcurdle,凝血,Allows him to paralyze a person for a certain period of time by ingesting their blood.,,,Other,,,images/characters/character_80.png,https://github.com/FigmentAnalytics/my-hero-academia-dashboard/blob/main/images/characters/character_80.png?raw=true,,,,,
81,Danjuro Tobita,Villains,飛田 弾柔郎,,,['Gentle Criminal'],Elasticity,弾性,Allows him to bestow the property of elasticity to anything he touches.,,,Other,,,images/characters/character_81.png,https://github.com/FigmentAnalytics/my-hero-academia-dashboard/blob/main/images/characters/character_81.png?raw=true,,,,,
82,Manami Aiba,Villains,相場 愛美,,,['La Brava'],Love,ラブ,Allows her to boost the power of whomever she loves the most by declaring her love to them (although she is only able to activate her Quirk once a day).,,,Other,,,images/characters/character_82.png,https://github.com/FigmentAnalytics/my-hero-academia-dashboard/blob/main/images/characters/character_82.png?raw=true,,,,,
83,Ending,Villains,エンディング,,,[''],Whiteline,白線,Allows him to control and manipulate any lane lines that are painted on the road.,,,Other,,,images/characters/character_83.png,https://github.com/FigmentAnalytics/my-hero-academia-dashboard/blob/main/images/characters/character_83.png?raw=true,,,,,
84,Kaina Tsutsumi,Villains,筒美 火伊那,,,['Lady Nagant'],Rifle,ライフル,Grants her the ability to transform her right forearm into a rifle at will. She uses her hair to create ammunition.,,,Other,,,images/characters/character_84.png,https://github.com/FigmentAnalytics/my-hero-academia-dashboard/blob/main/images/characters/character_84.png?raw=true,,,,,
85,Wolfram,Villains,ウォルフラム,,,[''],Metal Manipulation and Muscle Augmentation,金属操作 and 筋肉増強,"Enables him to reshape and manipulate all types of metal. All For One also gave Wolfram the Quirk, Muscle Augmentation that enables him to increase his muscle mass.",,,Other,,,images/characters/character_85.png,https://github.com/FigmentAnalytics/my-hero-academia-dashboard/blob/main/images/characters/character_85.png?raw=true,,,,,
86,Nine,Villains,ナイン,,,[''],Weather Manipulation,気象操作,"Enables him to control the weather. In addition, Nine can also steal the Quirks of anyone and constant use of them can exhaust him, causing Nine to wear a special life-support system that pumps special drugs in him.",,,Other,,,images/characters/character_86.png,https://github.com/FigmentAnalytics/my-hero-academia-dashboard/blob/main/images/characters/character_86.png?raw=true,,,,,
87,Flect Turn,Villains,フレクト・ターン,,,[''],Reflect,リフレクト,"Enables him to reflect all types of energy, including any attack and its effects, back to the user; as well as storing it for later.",,,Other,,,images/characters/character_87.png,https://github.com/FigmentAnalytics/my-hero-academia-dashboard/blob/main/images/characters/character_87.png?raw=true,,,,,
88,Beros,Villains,ベロス,,,[''],Long Bow,ロング ボウ,"Allows her to morph her left hand into a bow, as well as being able to control the object she shoots out of it. However, she cannot create her own ammunition.",,,Other - Flect Turn,,,images/characters/character_88.png,https://github.com/FigmentAnalytics/my-hero-academia-dashboard/blob/main/images/characters/character_88.png?raw=true,,,,,
89,Sidero,Villains,シデロ,,,[''],Iron Ball,アイアン ボール,"Allows him to create iron balls (of which he can also control the size of, to an extent) and shoot them from his knuckles.",,,Other - Flect Turn,,,images/characters/character_89.png,https://github.com/FigmentAnalytics/my-hero-academia-dashboard/blob/main/images/characters/character_89.png?raw=true,,,,,
90,Serpenters,Villains,サーペンターズ,,,"['Ena', 'Dio']",Sword Kill,ソード キル,A villain duo made up of two twin brothers - Their Quirk allows each of them to manifest flexible swords from their arms and shoulders.,,,Other - Flect Turn,,,images/characters/character_90.png,https://github.com/FigmentAnalytics/my-hero-academia-dashboard/blob/main/images/characters/character_90.png?raw=true,,,,,
91,Leviathan,Villains,レヴィアタン,,,[''],Helical Scythe,ヘリカルサイズ,Allows him to create a powerful water current twist from his fingertips and horns.,,,Other - Flect Turn,,,images/characters/character_91.png,https://github.com/FigmentAnalytics/my-hero-academia-dashboard/blob/main/images/characters/character_91.png?raw=true,,,,,
92,Enji Todoroki,Heroes,轟 炎司,Endeavor,エンデヴァー,,Hellflame,ヘルフレイム,"Gives him powerful pyrokinetic abilities. He is immune to other flames, and can easily control the shape and temperature of the blaze as well.",,,Top Hero,,,images/characters/character_92.png,https://github.com/FigmentAnalytics/my-hero-academia-dashboard/blob/main/images/characters/character_92.png?raw=true,,,,,
93,Keigo Takami,Heroes,鷹見 啓悟,Hawks,ホークス,,Fierce Wings,剛翼,Grants him a pair of red feathered wings that allow him to fly at high speeds. He can also detach his feathers to use as blades or telekinetically control them from a distance.,,,Top Hero,,,images/characters/character_93.png,https://github.com/FigmentAnalytics/my-hero-academia-dashboard/blob/main/images/characters/character_93.png?raw=true,,,,,
94,Tsunagu Hakamata,Heroes,袴田 維,Best Jeanist,ベストジー二スト,,Fiber Master,ファイバーマスター,Allows him to freely control fiber in clothes.,,,Top Hero,,,images/characters/character_94.png,https://github.com/FigmentAnalytics/my-hero-academia-dashboard/blob/main/images/characters/character_94.png?raw=true,,,,,
95,Rumi Usagiyama,Heroes,兎山 ルミ,Mirko,ミルコ,,Rabbit,兎,Gives her rabbit-like features such as superhuman leg strength and big rabbit-like ears.,,,Top Hero,,,images/characters/character_95.png,https://github.com/FigmentAnalytics/my-hero-academia-dashboard/blob/main/images/characters/character_95.png?raw=true,,,,,
96,Crust,Heroes,クラスト,Crust,クラスト,,Shield,盾,Allows him to grow stone-like hexagon-shaped shields from his body.,,,Top Hero,,,images/characters/character_96.png,https://github.com/FigmentAnalytics/my-hero-academia-dashboard/blob/main/images/characters/character_96.png?raw=true,,,,,
97,Ryuko Tatsuma,Heroes,竜間 龍子,Ryukyu,リューキュウ,,Dragon,ドラゴン,Enables her to transform into a western dragon.,,,Top Hero,,,images/characters/character_97.png,https://github.com/FigmentAnalytics/my-hero-academia-dashboard/blob/main/images/characters/character_97.png?raw=true,,,,,
98,Toshinori Yagi,Heroes,八木 俊典,All Might - Symbol of Peace,オールマイト - 平和の象徴,,One for All,ワン・フォー・オール,"A transferable Quirk that stockpiles power and grants immense strength, speed, stamina, and durability.",,,Faculty of U.A.,,,images/characters/character_98.png,https://github.com/FigmentAnalytics/my-hero-academia-dashboard/blob/main/images/characters/character_98.png?raw=true,,,,,
99,Nezu,Heroes,根津,Nezu,根津,,High Spec,ハイスペック,Gives him anthropomorphic abilities and superhuman intelligence.,,,Faculty of U.A.,,,images/characters/character_99.png,https://github.com/FigmentAnalytics/my-hero-academia-dashboard/blob/main/images/characters/character_99.png?raw=true,,,,,
100,Shota Aizawa,Heroes,相澤 消太,Eraser Head,イレイザーヘッド,,Erasure,抹消,"Enables him to nullify another person's Quirk within his line of vision until he blinks. He can use his Quirk on multiple targets; it remains active, even if he looks elsewhere (as long as he doesn't blink).",,,Faculty of U.A.,,,images/characters/character_100.png,https://github.com/FigmentAnalytics/my-hero-academia-dashboard/blob/main/images/characters/character_100.png?raw=true,,,,,
101,Hizashi Yamada,Heroes,山田 ひざし,Present Mic,プレゼントマイク,,Voice,ヴォイス,Amplifies his voice using a jukebox-like collar.,,,Faculty of U.A.,,,images/characters/character_101.png,https://github.com/FigmentAnalytics/my-hero-academia-dashboard/blob/main/images/characters/character_101.png?raw=true,,,,,
102,Sekijiro Kan,Heroes,管 赤慈郎,Vlad King,ブラドキング,,Blood Control,操血,Allows him to control his blood after it leaves his body. He can spread the blood out to form a variety of constructs.,,,Faculty of U.A.,,,images/characters/character_102.png,https://github.com/FigmentAnalytics/my-hero-academia-dashboard/blob/main/images/characters/character_102.png?raw=true,,,,,
103,Chiyo Shuuzenji,Heroes,修善寺 治与,Recovery Girl,リカバリーガール,,Heal,回復,Allows her to heal others' injuries by kissing them.,,,Faculty of U.A.,,,images/characters/character_103.png,https://github.com/FigmentAnalytics/my-hero-academia-dashboard/blob/main/images/characters/character_103.png?raw=true,,,,,
104,Nemuri Kayama,Heroes,香山 睡,Midnight,ミッドナイト,,Somnambulist,眠り香,Allows her to produce a sleep-inducing fragrance from her body.,,,Faculty of U.A.,,,images/characters/character_104.png,https://github.com/FigmentAnalytics/my-hero-academia-dashboard/blob/main/images/characters/character_104.png?raw=true,,,,,
105,Ken Ishiyama,Heroes,石山 堅,Cementoss,セメントス,,Cement,セメント,Allows him to control concrete.,,,Faculty of U.A.,,,images/characters/character_105.png,https://github.com/FigmentAnalytics/my-hero-academia-dashboard/blob/main/images/characters/character_105.png?raw=true,,,,,
106,Anan Kurose,Heroes,黒瀬 亜南,Thirteen,13号,,Black Hole,ブラックホール,Summons a black hole with her fingers that turns anything it sucks in into dust.,,,Faculty of U.A.,,,images/characters/character_106.png,https://github.com/FigmentAnalytics/my-hero-academia-dashboard/blob/main/images/characters/character_106.png?raw=true,,,,,
107,Ectoplasm,Heroes,エクトプラズム,Ectoplasm,エクトプラズム,,Clones,分身,Allows him to spew out an ectoplasm-like dust from his helmet that can form into a clone of himself.,,,Faculty of U.A.,,,images/characters/character_107.png,https://github.com/FigmentAnalytics/my-hero-academia-dashboard/blob/main/images/characters/character_107.png?raw=true,,,,,
108,Snipe,Heroes,スナイプ,Snipe,スナイプ,,Homing,ホーミング,Allows him to alter the trajectory of his bullets.,,,Faculty of U.A.,,,images/characters/character_108.png,https://github.com/FigmentAnalytics/my-hero-academia-dashboard/blob/main/images/characters/character_108.png?raw=true,,,,,
109,Higari Maijima,Heroes,埋島 干狩,Power Loader,パワーローダー,,Iron Claws,鉄爪,"Gives him metallic claws at the ends of his fingers, which allow him to dig and burrow underground.",,,Faculty of U.A.,,,images/characters/character_109.png,https://github.com/FigmentAnalytics/my-hero-academia-dashboard/blob/main/images/characters/character_109.png?raw=true,,,,,
110,Ryo Inui,Heroes,犬井 猟,Hunting Dog Hero Hound Dog,猟犬ヒーローハウンドドッグ,,Dog,犬,Gives him the appearance of a dog.,,,Faculty of U.A.,,,images/characters/character_110.png,https://github.com/FigmentAnalytics/my-hero-academia-dashboard/blob/main/images/characters/character_110.png?raw=true,,,,,
111,Emi Fukukado,Heroes,福門 笑,Ms. Joke,ミスジョーク,,Outburst,爆笑,Forces her targets to burst into uncontrollable laughter that dulls their motor skills and impairs their cognitive abilities.,,,Faculty of Ketsubutsu Academy High School,,,images/characters/character_111.png,https://github.com/FigmentAnalytics/my-hero-academia-dashboard/blob/main/images/characters/character_111.png?raw=true,,,,,
112,Shino Sosaki,Heroes,送崎 信乃,Mandalay,マンダレイ,,Telepath,テレパス,Allows her to advise and instruct multiple people at once through mental transmission.,,,The Wild Wild Pussycats,,,images/characters/character_112.png,https://github.com/FigmentAnalytics/my-hero-academia-dashboard/blob/main/images/characters/character_112.png?raw=true,,,,,
113,Ryuko Tsuchikawa,Heroes,土川 流子,Pixie-Bob,ピクシーボブ,,Earth Flow,土流,Allows her to freely manipulate the ground.,,,The Wild Wild Pussycats,,,images/characters/character_113.png,https://github.com/FigmentAnalytics/my-hero-academia-dashboard/blob/main/images/characters/character_113.png?raw=true,,,,,
114,Tomoko Shiretoko,Heroes,知床 知子,Ragdoll,ラグドール,,Search,サーチ,Allows her to observe and monitor up to 100 people at a time.,,,The Wild Wild Pussycats,,,images/characters/character_114.png,https://github.com/FigmentAnalytics/my-hero-academia-dashboard/blob/main/images/characters/character_114.png?raw=true,,,,,
115,Yawara Chatora,Heroes,茶虎 柔,Tiger,虎,,Pliabody,軟体,Allows him to stretch and bend his body.,,,The Wild Wild Pussycats,,,images/characters/character_115.png,https://github.com/FigmentAnalytics/my-hero-academia-dashboard/blob/main/images/characters/character_115.png?raw=true,,,,,
116,Shinya Kamihara,Heroes,紙原 伸也,Edgeshot,エッジショット,,Foldabody,紙肢,"Enables him to manipulate the thinness of his body. He can use his Quirk to move around quickly, slip through tight spaces, and pierce targets by folding himself into sharp shapes.",,,The Lurkers,,,images/characters/character_116.png,https://github.com/FigmentAnalytics/my-hero-academia-dashboard/blob/main/images/characters/character_116.png?raw=true,,,,,
117,Shinji Nishiya,Heroes,西屋 森児,Kamui Woods,シンリンカムイ,,Arbor,樹木,Gives him the ability to manipulate his tree-like limbs.,,,The Lurkers,,,images/characters/character_117.png,https://github.com/FigmentAnalytics/my-hero-academia-dashboard/blob/main/images/characters/character_117.png?raw=true,,,,,
118,Yu Takeyama,Heroes,岳山 優,Mt. Lady,Mt.レディ,,Gigantification,巨大化,Allows her to grow to a gigantic height.,,,The Lurkers,,,images/characters/character_118.png,https://github.com/FigmentAnalytics/my-hero-academia-dashboard/blob/main/images/characters/character_118.png?raw=true,,,,,
119,Cathleen Bate,Heroes,キャスリーン・ベイト,Star and Stripe,スターアンドストライプ,,New Order,ニューオーダー,Allows her to alter the nature of objects and beings in contact with her according to her will.,,,Foreign Hero - United States of America,,,images/characters/character_119.png,https://github.com/FigmentAnalytics/my-hero-academia-dashboard/blob/main/images/characters/character_119.png?raw=true,,,,,
120,Claire Voyance,Heroes,クレア ボヤンス,Claire Voyance,クレア ボヤンス,,Voyance,透視,Allows her to see through anything and to the other side.,,,Foreign Hero - Otheon,,,images/characters/character_120.png,https://github.com/FigmentAnalytics/my-hero-academia-dashboard/blob/main/images/characters/character_120.png?raw=true,,,,,
121,Salaam,Heroes,サラーム,Salaam,サラーム,,Papyrus,パピルス,Allows him to turn his body paper-thin.,,,Foreign Hero - Egypt,,,images/characters/character_121.png,https://github.com/FigmentAnalytics/my-hero-academia-dashboard/blob/main/images/characters/character_121.png?raw=true,,,,,
122,Big Red Dot,Heroes,ビッグ・レッド・ドット,Big Red Dot,ビッグ・レッド・ドット,,Tidal Bore,大海嘯,Allows him to fire powerful blasts of water from his mouth.,,,Foreign Hero - Singapore,,,images/characters/character_122.png,https://github.com/FigmentAnalytics/my-hero-academia-dashboard/blob/main/images/characters/character_122.png?raw=true,,,,,
123,Christopher Skyline,Heroes,クリストファー・スカイライン,Captain Celebrity,キャプテン・セレブリティ,,Flight,飛行,Grants him the ability to fly.,,,Foreign Hero - United States of America,,,images/characters/character_123.png,https://github.com/FigmentAnalytics/my-hero-academia-dashboard/blob/main/images/characters/character_123.png?raw=true,,,,,
123,Kugo Sakamata,Heroes,逆俣 空悟,Gang Orca,ギャングオルカ,,Orcinus,シャチ,Gives him the abilities and appearance of a killer whale which he can use in the water or land.,,,Other,,,images/characters/character_123.png,https://github.com/FigmentAnalytics/my-hero-academia-dashboard/blob/main/images/characters/character_123.png?raw=true,,,,,
124,Mirai Sasaki,Heroes,佐々木 未来,Sir Nighteye,サーナイトアイ,,Foresight,予知,Allows him to see a person's future.,,,Other - Former sidekick to All Might,,,images/characters/character_124.png,https://github.com/FigmentAnalytics/my-hero-academia-dashboard/blob/main/images/characters/character_124.png?raw=true,,,,,
125,Taishiro Toyomitsu,Heroes,豊満 太志郎,Fat Gum,ファットガム,,Fat Absorption,脂肪吸着,Allows him to use his fat to absorb the impact from collisions.,,,Other,,,images/characters/character_125.png,https://github.com/FigmentAnalytics/my-hero-academia-dashboard/blob/main/images/characters/character_125.png?raw=true,,,,,
126,Ken Takagi,Heroes,高木 鍵,Rock Lock,ロックロック,,Lock Down,施錠,Enables him to lock any non-living item in a position,,,Other,,,images/characters/character_126.png,https://github.com/FigmentAnalytics/my-hero-academia-dashboard/blob/main/images/characters/character_126.png?raw=true,,,,,
127,Masaki Mizushima,Heroes,水島 正樹,Manual,マニュアル,,Unnamed,,Allows him to control water.,,,Other,,,images/characters/character_127.png,https://github.com/FigmentAnalytics/my-hero-academia-dashboard/blob/main/images/characters/character_127.png?raw=true,,,,,
128,Sorahiko Torino,Heroes,酉野 空彦,Gran Torino,グラントリノ,,Jet,ジェット,Allows him to shoot air from the soles of his feet.,,,Other - a former mentor of All Might and Izuku Midoriya,,,images/characters/character_128.png,https://github.com/FigmentAnalytics/my-hero-academia-dashboard/blob/main/images/characters/character_128.png?raw=true,,,,,
129,Tensei Ida,Heroes,飯田 天晴,Ingenium,インゲニウム,,Engine,エンジン,Allows him to release propulsion jets from his elbows and shoot himself forward at turbo speed.,,,Other - Tenya's older brother and a former Pro Hero,,,images/characters/character_129.png,https://github.com/FigmentAnalytics/my-hero-academia-dashboard/blob/main/images/characters/character_129.png?raw=true,,,,,
130,Juzo Moashi,Heroes,百足 従造,Centipeder,センチピーダー,,Centipede,ムカデ,Grants him long centipede-like limbs with agonizing poison.,,,Other - Nighteye Agency member,,,images/characters/character_130.png,https://github.com/FigmentAnalytics/my-hero-academia-dashboard/blob/main/images/characters/character_130.png?raw=true,,,,,
131,Kaoruko Awata,Heroes,泡田 薫子,Bubble Girl,バブルガール,,Bubble,バブル,Allows her to make bubbles filled with an aroma that she has smelled at least once before.,,,Other - Nighteye Agency member,,,images/characters/character_131.png,https://github.com/FigmentAnalytics/my-hero-academia-dashboard/blob/main/images/characters/character_131.png?raw=true,,,,,
132,Sajin Higawara,Heroes,日河原砂塵,Sand Hero Snatch,サンドヒーロー スナッチ,,Unnamed,,Enables him to turn the upper half of his body into sand and control it,,,Other - Pro Hero and a bodyguard of the Police Force,,,images/characters/character_132.png,https://github.com/FigmentAnalytics/my-hero-academia-dashboard/blob/main/images/characters/character_132.png?raw=true,,,,,
133,Moe Kamiji,Heroes,上路 萌,Burnin,バーニン,,Blazing Hair,燃髪,Allows her to weaponize her fire-like hair.,,,Other - Pro Hero and one of over thirty sidekicks who work at the Endeavor Agency,,,images/characters/character_133.png,https://github.com/FigmentAnalytics/my-hero-academia-dashboard/blob/main/images/characters/character_133.png?raw=true,,,,,
147,Inko Midoriya,Other,緑谷 引子,,,,,,,,,,Izuku's mother. She has an unnamed quirk that allows her to draw small objects to her with telekinesis-like power.,Civilian,images/characters/character_147.png,https://github.com/FigmentAnalytics/my-hero-academia-dashboard/blob/main/images/characters/character_147.png?raw=true,,,,,
148,Kota Izumi,Other,出水 洸汰,,,,,,,,,,A young boy who lost his Hero parents the Water Hose duo to Muscular and was taken in by the Pussycats due to Mandalay being his aunt. His Quirk 'Water Gun' allows him to release a splash of water from his hands.,Civilian,images/characters/character_148.png,https://github.com/FigmentAnalytics/my-hero-academia-dashboard/blob/main/images/characters/character_148.png?raw=true,,,,,
149,Taneo Tokuda,Other,特田 種男,,,,,,,,,,A freelance journalist who sought out All Might's successor for personal reasons. His Quirk 'Whole-Body Lens' allows him to manifest camera lenses on any part of his body and print the photographs from his chest.,Civilian,images/characters/character_149.png,https://github.com/FigmentAnalytics/my-hero-academia-dashboard/blob/main/images/characters/character_149.png?raw=true,,,,,
150,Eri,Other,エリ,,,,,,,,,,"The young granddaughter of the Shie Hassaikai's former crime boss. Her Quirk 'Rewind' enables her to reverse a living individual's body back to a previous state, allowing her to make them younger, heal them of their injuries, and undo any of their bodily modifications.",Civilian,images/characters/character_150.png,https://github.com/FigmentAnalytics/my-hero-academia-dashboard/blob/main/images/characters/character_150.png?raw=true,,,,,
151,Rei Todoroki,Other,轟 冷,,,,,,,,,,Endeavor's wife and the mother of their four children. She has a powerful ice Quirk that has yet to be shown.,Civilian,images/characters/character_151.png,https://github.com/FigmentAnalytics/my-hero-academia-dashboard/blob/main/images/characters/character_151.png?raw=true,,,,,
152,Fuyumi Todoroki,Other,轟 冬美,,,,,,,,,,Shoto's older sister. She works as an elementary school teacher and has an ice Quirk like her mother.,Civilian,images/characters/character_152.png,https://github.com/FigmentAnalytics/my-hero-academia-dashboard/blob/main/images/characters/character_152.png?raw=true,,,,,
154,Natsuo Todoroki,Other,轟 夏雄,,,,,,,,,,Shoto's older brother. He is a university student majoring in medicine and has an ice Quirk like his mother.,Civilian,images/characters/character_154.png,https://github.com/FigmentAnalytics/my-hero-academia-dashboard/blob/main/images/characters/character_154.png?raw=true,,,,,
155,Hiroshi Tameda,Other,為田 浩,,,,,,,,,,"Endeavor's loyal fan. Hiroshi is rather supportive of Endeavor, notably when he spoke out to the public that they still need to believe in Endeavor for protecting society from powerful villains like High-End.",Civilian,images/characters/character_155.png,https://github.com/FigmentAnalytics/my-hero-academia-dashboard/blob/main/images/characters/character_155.png?raw=true,,,,,
156,David Shield,Other,デヴィット・シールド,,,,,,,,,,"David Shield is a scientist at I-Island, All Might's old friend, and the father of Melissa Shield.",Civilian,images/characters/character_156.png,https://github.com/FigmentAnalytics/my-hero-academia-dashboard/blob/main/images/characters/character_156.png?raw=true,,,,,
157,Melissa Shield,Other,メリッサ・シールド,,,,,,,,,,Melissa is the Quirkless daughter of David Shield.,Civilian,images/characters/character_157.png,https://github.com/FigmentAnalytics/my-hero-academia-dashboard/blob/main/images/characters/character_157.png?raw=true,,,,,
158,Katsuma Shimano,Other,島乃 活真,,,,,,,,,,"A little boy living on Nabu Island. His Quirk 'Cell Activation' allows its user to activate the cells in anyone's body through touch which increases regeneration, recovery time, and improves their physical condition.",Civilian,images/characters/character_158.png,https://github.com/FigmentAnalytics/my-hero-academia-dashboard/blob/main/images/characters/character_158.png?raw=true,,,,,
159,Mahoro Shimano,Other,島乃 真幌,,,,,,,,,,A little girl living on Nabu Island who is Katsuma's older sister. Her Quirk 'Hologram' allows her to create holograms of anything she wishes.,Civilian,images/characters/character_159.png,https://github.com/FigmentAnalytics/my-hero-academia-dashboard/blob/main/images/characters/character_159.png?raw=true,,,,,
160,Rody Soul,Other,ロディ ソウル,,,,,,,,,,"His Quirk 'Soul' manifests as a small, bird-like animal named Pino, who changes facial expressions based on how Rody is feeling due to a link to his soul. Rody is also a resident of Otheon.",Civilian,images/characters/character_160.png,https://github.com/FigmentAnalytics/my-hero-academia-dashboard/blob/main/images/characters/character_160.png?raw=true,,,,,
161,Pino,Other,ピノ,,,,,,,,,,"A small, bird-like animal who changes facial expressions based on how Rody is feeling due to a link to his soul.",Civilian,images/characters/character_161.png,https://github.com/FigmentAnalytics/my-hero-academia-dashboard/blob/main/images/characters/character_161.png?raw=true,,,,,
